title,year,price_millions,engine,fuel,km,gearbox,location,posted,url
Fiat 500 2023 Dolcevita Plus,2023,297,"1,0 Hybrid 70ch",Essence,63500,Manuelle,"Bouzareah, 16",9 minutes,https://www.ouedkniss.com/voitures-fiat-500-2023-dolcevita-plus-bouzareah-alger-algerie-d55859335
Toyota Corolla 2024,2024,320,1.2L.T,,37161,Automatique,"Cheraga, 16",9 minutes,https://www.ouedkniss.com/voitures-toyota-corolla-2024-cheraga-alger-algerie-d57950019
Renault Clio 4 2019 GT Line +,2019,370,1.5 DCI 85ch,Diesel,117000,Manuelle,"Tlemcen, 13",18 minutes,https://www.ouedkniss.com/voitures-renault-clio-4-2019-gt-line-tlemcen-algerie-d58098372
Hyundai Grand I10 2018,2018,305,1.2 ess 87ch,Essence,104000,Manuelle,"Ouled fayet, 16",3 minutes,https://www.ouedkniss.com/voitures-hyundai-grand-i10-2018-ouled-fayet-alger-algerie-d58097049
Fiat Doblo 2023,2023,317,Hdi,Diesel,89000,Manuelle,"Laghouat, 3",14 minutes,https://www.ouedkniss.com/utilitaire-fiat-doblo-2023-laghouat-algerie-d58083615
Hyundai Creta 2019 GL,2019,365,1.6 CRDI 128ch BVA,Diesel,136000,Automatique,"El biar, 16",50 minutes,https://www.ouedkniss.com/voitures-hyundai-creta-2019-gl-el-biar-alger-algerie-d58003566
Fiat Tipo Sedan 2023 City Plus,2023,342,1.6 eTorq 110ch BVA,Essence,81000,Automatique,"El achour, 16",1 heure,https://www.ouedkniss.com/voitures-fiat-tipo-sedan-2023-city-plus-el-achour-alger-algerie-d57877239
Geely GX3 PRO 2024 Privilège,2024,290,"1,5 113 CH",Essence,107000,Automatique,"Boumerdes, 35",2 heures,https://www.ouedkniss.com/voitures-geely-gx3-pro-2024-privilege-boumerdes-algerie-d58093269
Peugeot 208 2022 Allure,2022,222,1.6 HDI 115ch,Diesel,52000,Manuelle,"Bouira, 10",16 minutes,https://www.ouedkniss.com/voitures-peugeot-208-2022-allure-bouira-algerie-d58096914
Fiat Doblo 2024 Commerciale,2024,365,1.6 HDI,Diesel,47000,Manuelle,"Setif, 19",16 minutes,https://www.ouedkniss.com/utilitaire-fiat-doblo-2024-commerciale-setif-algerie-d58082859
Skoda Fabia 2023 Style,2023,378,1.0,Essence,105000,Manuelle,"Tlemcen, 13",2 heures,https://www.ouedkniss.com/voitures-skoda-fabia-2023-style-tlemcen-algerie-d57632196
Livan X3 Pro 2025 Manuelle (Sans Toit Ouvrant),2025,315,,GPL,35000,Manuelle,"Bordj bou arreridj, 34",2 heures,https://www.ouedkniss.com/voitures-livan-x3-pro-2025-manuelle-sans-toit-ouvrant-bordj-bou-arreridj-algerie-d57288285
Fiat Doblo 2023,2023,360,,Diesel,75000,,"Oued tlelat, 31",2 heures,https://www.ouedkniss.com/voitures-fiat-doblo-2023-oued-tlelat-oran-algerie-d57580221
Fiat Doblo 2025,2025,360,1.6 Hdi 90ch,Diesel,65000,Manuelle,"Bir el djir, 31",21 minutes,https://www.ouedkniss.com/utilitaire-fiat-doblo-2025-bir-el-djir-oran-algerie-d57804216
Kia KX1 2025 Tt Option,2025,360,1.4,Essence,31500,Automatique,"Taher, 18",33 minutes,https://www.ouedkniss.com/voitures-kia-kx1-2025-tt-option-taher-jijel-algerie-d51742329
Opel Corsa 2023,2023,375,1.2 puretech,,26000,,"Cheraga, 16",3 heures,https://www.ouedkniss.com/voitures-opel-corsa-2023-cheraga-alger-algerie-d56799746
Renault Arkana 2023 Itens,2023,320,1.6 E-Tech 145ch,Essence,80000,Automatique,"Taher, 18",2 jours,https://www.ouedkniss.com/voitures-renault-arkana-2023-itens-taher-jijel-algerie-d58061409
Renault Arkana 2023 Itens,2023,335,1.6 E-Tech 145ch,Essence,73000,Automatique,"Taher, 18",2 jours,https://www.ouedkniss.com/voitures-renault-arkana-2023-itens-taher-jijel-algerie-d58060416
Seat Ibiza 2017 High Facelift,2017,365,1.6 MPi 110 ch,Essence,133000,Manuelle,"El biar, 16",2 jours,https://www.ouedkniss.com/voitures-seat-ibiza-2017-high-facelift-el-biar-alger-algerie-d57858942
Renault Clio 4 2018 Limited,2018,330,1.5 DCI 85ch,Diesel,128000,Manuelle,"Ain benian, 16",2 jours,https://www.ouedkniss.com/voitures-renault-clio-4-2018-limited-ain-benian-alger-algerie-d57320397
Chery Tiggo 2 Pro 2024 Luxury,2024,308,1.0 ess turbo 102ch,Essence,63000,Automatique,"Tlemcen, 13",3 jours,https://www.ouedkniss.com/voitures-chery-tiggo-2-pro-2024-luxury-tlemcen-algerie-d58007625
Fiat Tipo Sedan 2023 City,2023,375,1.6 eTorq 110ch BVA,Essence,65000,Automatique,"Tlemcen, 13",3 jours,https://www.ouedkniss.com/voitures-fiat-tipo-sedan-2023-city-tlemcen-algerie-d57881577
Renault Symbol 2017,2017,370,1.2 ess 16V 75ch,Essence,41000,Manuelle,"Tlemcen, 13",3 jours,https://www.ouedkniss.com/voitures-renault-symbol-2017-tlemcen-algerie-d57868323
Fiat Doblo 2024,2024,360,1.6 Hdi,Diesel,89000,Manuelle,"Tlemcen, 13",3 jours,https://www.ouedkniss.com/voitures-fiat-doblo-2024-tlemcen-algerie-d57824775
